id,firstName,lastName,email
1,Alejandro,Taylor,LARRYMORSE@GMAIL.COM
2,Nancy,Guerra,DBROWN@GMAIL.COM
3,Christine,Campbell,GREGORYPEREZ@HOTMAIL.COM
4,Jared,Hart,TROYEVANS@YAHOO.COM
5,Curtis,Miller,RSILVA@YANG.COM
6,Kenneth,Hartman,BARRYSEAN@HOTMAIL.COM
7,Cassandra,Walsh,BARBARA48@WASHINGTON.COM
8,Daniel,Davidson,LEDWARDS@FLOYD.COM
9,Kayla,Rivas,JIMENEZKARLA@HOTMAIL.COM
10,Robert,Stein,DAVIDBROWN@GMAIL.COM
11,Stacey,Walters,DAVIDLOPEZ@YAHOO.COM
12,Timothy,Powell,ANDREAMCDONALD@HOTMAIL.COM
13,Douglas,Herring,JOYCEDOUGLAS@GMAIL.COM
14,Sara,Butler,FMUNOZ@HOTMAIL.COM
15,Savannah,Wright,CHELSEAMACDONALD@YAHOO.COM
16,Julia,Ellis,ZACHARY98@YAHOO.COM
17,Christina,Malone,COREY94@LESTER.COM
18,Jordan,Harris,BROWNKRISTINE@YAHOO.COM
19,Brad,Martin,OPAUL@CASTANEDA.COM
20,Nicholas,Schneider,RKENNEDY@GMAIL.COM
21,Jennifer,Barnes,ADRIANHUNTER@YAHOO.COM
22,Jared,Reynolds,MBENNETT@ROBERTS.INFO
23,Mark,Taylor,WJOHNSON@GMAIL.COM
24,William,Rogers,THOMASJAMES@JONES.COM
25,Kristen,Strickland,ALLEN69@MYERS-ARELLANO.COM
26,Ryan,Hudson,GARCIAROBERT@HOTMAIL.COM
27,Christopher,Thomas,YBRADY@YAHOO.COM
28,Kenneth,Johnston,PHOWARD@YAHOO.COM
29,Valerie,Holder,ZMCGUIRE@HERNANDEZ.COM
30,Karen,Stewart,HARRISJESSICA@HILL.COM
31,Philip,Campbell,WHITEDARLENE@YAHOO.COM
32,Alicia,Griffin,CASTILLOASHLEY@ERICKSON-PETERSON.ORG
33,Jeremy,Estrada,KATRINA34@HOTMAIL.COM
34,Joseph,Taylor,KOCHWILLIAM@GMAIL.COM
35,Peter,Wells,XBAKER@YAHOO.COM
36,Nichole,Flores,CLARKSTEVEN@MARTIN.COM
37,Thomas,Burns,DAVID61@GMAIL.COM
38,Kathleen,Warner,BROOKSCHRISTOPHER@YAHOO.COM
39,Sarah,Cantrell,ROBERT80@MCDOWELL.COM
40,Edward,Bowen,CWILLIAMS@SHAW.NET
41,Kim,Sanchez,HUMPHREYKEVIN@HOTMAIL.COM
42,Francis,Hall,THOMAS28@YAHOO.COM
43,Jay,Lane,SHORTKEVIN@YAHOO.COM
44,Anna,Coleman,CLARKBRADLEY@PATRICK.COM
45,Joshua,Powell,ZWOOD@YAHOO.COM
46,James,West,JAMESHAYES@GORDON-BECKER.COM
47,Justin,Lewis,CONWAYCHRIS@HOTMAIL.COM
48,Kenneth,Anderson,LINDSAY96@WHITE-ASHLEY.COM
49,Michelle,Wright,CHARLESGARCIA@HOTMAIL.COM
50,Gregory,Pace,HCONNER@JEFFERSON-SIMMONS.COM
51,Carl,Sutton,ASHLEE92@HOTMAIL.COM
52,Alexandra,Cole,CAITLIN56@GMAIL.COM
53,Maria,Hancock,WILSONMICHAEL@MICHAEL.ORG
54,Jennifer,Murphy,FBERRY@YAHOO.COM
55,Brian,Patterson,PATRICKTURNER@GMAIL.COM
56,Christopher,Mills,BROWNGARY@TAYLOR.COM
57,Gregory,Horton,JESSICA72@GMAIL.COM
58,Cynthia,Stephens,MARTINMATTHEW@YAHOO.COM
59,Stephanie,Little,KAREN90@HOTMAIL.COM
60,Jason,Barker,ZJONES@BERRY.COM
61,Michael,Ruiz,JENNIFER62@GMAIL.COM
62,Amanda,Marks,HJAMES@YAHOO.COM
63,Yvette,Ali,STEPHENGREENE@BAXTER.COM
64,Patricia,Martin,HACOSTA@MURRAY.COM
65,Alexis,Cunningham,UOWEN@HOTMAIL.COM
66,Maurice,Johnson,JOSEPHVAZQUEZ@YAHOO.COM
67,Alex,Garcia,DONMILLER@GMAIL.COM
68,Rachel,Freeman,LAURA42@HOTMAIL.COM
69,Matthew,Wells,XPEREZ@LONG-OLIVER.COM
70,Paul,Matthews,ZHARRIS@YAHOO.COM
71,Roy,Barr,DMILLS@HOTMAIL.COM
72,Sarah,Howard,CGONZALEZ@HOTMAIL.COM
73,Daniel,Coleman,YROMERO@DIXON-HORN.NET
74,Audrey,Clark,JEFF32@KEITH-STEPHENS.COM
75,Elizabeth,Guerra,DUSTINREYES@HOTMAIL.COM
76,Patricia,Williams,CHAMBERSDANIELLE@VEGA.COM
77,Jason,Lara,NATHANWILLIAMS@CHAMBERS.COM
78,Andrew,Hayes,AMANDAHARRIS@HOLT.INFO
79,Devin,Horton,ANDERSENALEXANDRA@GMAIL.COM
80,Joel,Peterson,WILLIAMSJONATHAN@FARRELL-ROSS.COM
81,Andrew,Hernandez,QGARDNER@ROWE.COM
82,Christopher,Greene,SHANNONCLARK@WATKINS.COM
83,Darryl,Mills,BANKSNICOLE@ALEXANDER.COM
84,Jeremy,Perkins,WILLIAMSJACQUELINE@YAHOO.COM
85,Joshua,Sullivan,QWILLIAMS@THOMPSON-HUNT.COM
86,Courtney,Mcintosh,JOHNWAGNER@YAHOO.COM
87,Lisa,Cuevas,MELISSAPHILLIPS@SMITH-THOMAS.COM
88,Lindsey,Fitzgerald,LAWRENCEDANIEL@HOTMAIL.COM
89,Kimberly,Edwards,RAYMONDFISHER@YAHOO.COM
90,Michael,Donovan,MSNYDER@HOTMAIL.COM
91,Cory,Gilbert,JOSEPH44@LYNN.COM
92,Melissa,Ramirez,STONEVANESSA@CAMPBELL.NET
93,Dustin,Garrett,BRADLEY57@HOTMAIL.COM
94,Joseph,Cunningham,MARK23@YAHOO.COM
95,William,Keith,UHENRY@HOTMAIL.COM
96,Danny,Kennedy,STEPHANIEGARCIA@PORTER.COM
97,Taylor,Cain,MURPHYJAVIER@HOTMAIL.COM
98,Scott,Randall,VIRGINIAMCKNIGHT@DIXON-CLARK.BIZ
99,Lauren,Adams,MICHELLEBLAIR@HOTMAIL.COM
100,Jessica,Carrillo,WILLIAMWALTON@HOTMAIL.COM
